drug,smiles,label
Ramelteon,CCC(=O)NCCC1CCc2ccc3c(c21)CCO3,False
Eslicarbazepine Acetate,CC(=O)OC1Cc2ccccc2N(C(N)=O)c2ccccc21,False
Aprepitant,CC(OC1OCCN(Cc2nc(=O)[nH][nH]2)C1c1ccc(F)cc1)c1cc(C(F)(F)F)cc(C(F)(F)F)c1,False
Diroximel Fumarate,COC(=O)C=CC(=O)OCCN1C(=O)CCC1=O,False
Bosentan,COc1ccccc1Oc1c(NS(=O)(=O)c2ccc(C(C)(C)C)cc2)nc(-c2ncccn2)nc1OCCO,False
Prasugrel Hydrochloride,CC(=O)Oc1cc2c(s1)CCN(C(C(=O)C1CC1)c1ccccc1F)C2,False
Danaparoid Sodium,CC(=O)NC1C(O)OC(CO)C(OS(=O)(=O)O)C1OC1OC(C(=O)O)C(O)C(O)C1O,False
Paroxetine Hydrochloride,Fc1ccc(C2CCNCC2COc2ccc3c(c2)OCO3)cc1,False
Tegaserod Maleate,CCCCCNC(=N)NN=Cc1c[nH]c2ccc(OC)cc12,False
Ticlopidine Hydrochloride,Clc1ccccc1CN1CCc2sccc2C1,False
Obeticholic Acid,CCC1C(O)C2C3CCC(C(C)CCC(=O)O)C3(C)CCC2C2(C)CCC(O)CC12,False
Voriconazole,CC(c1ncncc1F)C(O)(Cn1cncn1)c1ccc(F)cc1F,False
Donepezil Hydrochloride,COc1cc2c(cc1OC)C(=O)C(CC1CCN(Cc3ccccc3)CC1)C2,False
Empagliflozin,OCC1OC(c2ccc(Cl)c(Cc3ccc(OC4CCOC4)cc3)c2)C(O)C(O)C1O,False
Saxagliptin Hydrochloride,N#CC1CC2CC2N1C(=O)C(N)C12CC3CC(CC(O)(C3)C1)C2,False
Edoxaban Tosylate,CN1CCc2nc(C(=O)NC3CC(C(=O)N(C)C)CCC3NC(=O)C(=O)Nc3ccc(Cl)cn3)sc2C1,False
Cobicistat,CC(C)c1nc(CN(C)C(=O)NC(CCN2CCOCC2)C(=O)NC(CCC(Cc2ccccc2)NC(=O)OCc2cncs2)Cc2ccccc2)cs1,False
Pexidartinib Hydrochloride,FC(F)(F)c1ccc(CNc2ccc(Cc3c[nH]c4ncc(Cl)cc34)cn2)cn1,False
Venetoclax,CC1(C)CCC(CN2CCN(c3ccc(C(=O)NS(=O)(=O)c4ccc(NCC5CCOCC5)c([N+](=O)[O-])c4)c(Oc4cnc5[nH]ccc5c4)c3)CC2)=C(c2ccc(Cl)cc2)C1,False
Pantoprazole Sodium,COc1ccnc(C=S(O)c2nc3cc(OC(F)F)ccc3[nH]2)c1OC,False
Sitagliptin Phosphate,NC(CC(=O)N1CCn2c(nnc2C(F)(F)F)C1)Cc1cc(F)c(F)cc1F,False
Zanubrutinib,C=CC(=O)N1CCC(C2CCNc3c(C(N)=O)c(-c4ccc(Oc5ccccc5)cc4)nn32)CC1,False
Lenalidomide,Nc1cccc2c1CN(C1CCC(=O)NC1=O)C2=O,False
Voxelotor,CC(C)n1nccc1-c1ncccc1COc1cccc(O)c1C=O,False
Lurasidone Hydrochloride,O=C1C2C3CCC(C3)C2C(=O)N1CC1CCCCC1CN1CCN(c2nsc3ccccc23)CC1,False
Carvedilol,COc1ccccc1OCCNCC(O)COc1cccc2[nH]c3ccccc3c12,False
Atorvastatin Calcium,CC(C)c1c(C(=O)Nc2ccccc2)c(-c2ccccc2)c(-c2ccc(F)cc2)n1CCC(O)CC(O)CC(=O)O,False
Nefazodone Hydrochloride,CCc1nn(CCCN2CCN(c3cccc(Cl)c3)CC2)c(=O)n1CCOc1ccccc1,False
Entrectinib,CN1CCN(c2ccc(C(=O)Nc3n[nH]c4ccc(Cc5cc(F)cc(F)c5)cc34)c(NC3CCOCC3)c2)CC1,False
Rabeprazole Sodium,COCCCOc1ccnc(CS(=O)c2nc3ccccc3[nH]2)c1C,False
Canagliflozin,Cc1ccc(C2OC(CO)C(O)C(O)C2O)cc1Cc1ccc(-c2ccc(F)cc2)s1,False
Istradefylline,CCn1c(=O)c2c(nc(C=Cc3ccc(OC)c(OC)c3)n2C)n(CC)c1=O,False
Flibanserin,O=c1[nH]c2ccccc2n1CCN1CCN(c2cccc(C(F)(F)F)c2)CC1,True
Isavuconazonium Sulfate,CNCC(=O)OCc1cccnc1N(C)C(=O)OC(C)[n+]1cnn(CC(O)(c2cc(F)ccc2F)C(C)c2nc(-c3ccc(C#N)cc3)cs2)c1,True
Elagolix Sodium,COc1cccc(-c2c(C)n(Cc3c(F)cccc3C(F)(F)F)c(=O)n(CC(NCCCC(=O)O)c3ccccc3)c2=O)c1F,True
Mirabegron,Nc1nc(CC(=O)Nc2ccc(CCNCC(O)c3ccccc3)cc2)cs1,True
Sotagliflozin,CCOc1ccc(Cc2cc(C3OC(SC)C(O)C(O)C3O)ccc2Cl)cc1,True
Suvorexant,Cc1ccc(-n2nccn2)c(C(=O)N2CCN(c3nc4cc(Cl)ccc4o3)CCC2C)c1,True
Ticagrelor,CCCSc1nc(NC2CC2c2ccc(F)c(F)c2)c2nnn(C3CC(OCCO)C(O)C3O)c2n1,True
Neratinib Maleate,CCOc1cc2ncc(C#N)c(Nc3ccc(Cc4ccccn4)c(Cl)c3)c2cc1NC(O)C=CCN(C)C,True
Quinine Sulfate,C=CC1CN2CCC1CC2C(O)c1ccnc2ccc(OC)cc12,True
Eliglustat Tartrate,CCCCCCCC(=O)NC(CN1CCCC1)C(O)c1ccc2c(c1)OCCO2,True
Fostamatinib disodium,COc1cc(Nc2ncc(F)c(Nc3ccc4c(n3)N(COP(=O)(O)O)C(=O)C(C)(C)O4)n2)cc(OC)c1OC,True
Ranolazine,COc1ccccc1OCC(O)CN1CCN(CC(=O)Nc2c(C)cccc2C)CC1,True
Mifepristone,CC#CC1(O)CCC2C3CCC4=CC(=O)CCC4=C3C(c3ccc(N(C)C)cc3)CC21C,True
Conivaptan Hydrochloride,Cc1nc2c([nH]1)-c1ccccc1N(C(=O)c1ccc(NC(=O)c3ccccc3-c3ccccc3)cc1)CC2,True
Capmatinib Hydrochloride,CNC(=O)c1ccc(-c2cnc3ncc(Cc4ccc5ncccc5c4)n3n2)cc1F,True
Saquinavir Mesylate,CC(C)(C)NC(=O)C1CC2CCCCC2CN1CC(O)C(Cc1ccccc1)NC(=O)C(CC(N)=O)NC(=O)c1ccc2ccccc2n1,True
Darunavir Ethanolate,CC(C)CN(CC(O)C(Cc1ccccc1)NC(=O)OC1COC2OCCC12)S(=O)(=O)c1ccc(N)cc1,True
Dronedarone Hydrochloride,CCCCc1oc2ccc(NS(C)(=O)=O)cc2c1C(=O)c1ccc(OCCCN(CCCC)CCCC)cc1,True
Lapatinib Ditosylate,CS(=O)(=O)CCNCc1ccc(-c2ccc3ncnc(Nc4ccc(OCc5cccc(F)c5)c(Cl)c4)c3c2)o1,True
Bromfenac Sodium,Nc1c(CC(=O)O)cccc1C(=O)c1ccc(Br)cc1,True
Gemifloxacin Mesylate,CON=C1CN(c2nc3c(cc2F)c(=O)c(C(=O)O)cn3C2CC2)CC1CN,True
Propafenone Hydrochloride,CCCNCC(O)COc1ccccc1C(=O)CCc1ccccc1,True
Idelalisib,CCC(Nc1ncnc2[nH]cnc12)c1nc2cccc(F)c2c(=O)n1-c1ccccc1,False
Dabigatran Etexilate Mesylate,CCCCCCOC(=O)NC(=N)c1ccc(NCc2nc3cc(C(=O)N(CCC(=O)OCC)c4ccccn4)ccc3n2C)cc1,False
Azilsartan Kamedoxomil,CCOc1nc2cccc(C(=O)OCc3oc(=O)oc3C)c2n1Cc1ccc(-c2ccccc2C2=NOC(O)N2)cc1,False
Sarecycline Hydrochloride,CON(C)Cc1ccc(O)c2c1CC1CC3C(N(C)C)C(O)=C(C(N)=O)C(=O)C3(O)C(O)=C1C2=O,False
Telaprevir,CCCC(NC(=O)C1C2CCCC2CN1C(=O)C(NC(=O)C(NC(=O)c1cnccn1)C1CCCCC1)C(C)(C)C)C(=O)C(=O)NC1CC1,True
Dasabuvir Sodium,COc1c(-c2ccc3cc(NS(C)(=O)=O)ccc3c2)cc(-n2ccc(=O)[nH]c2=O)cc1C(C)(C)C,False
Rucaparib Camsylate,CNCc1ccc(-c2[nH]c3cc(F)cc4c3c2CCNC4=O)cc1,False
Letermovir,COc1cccc(N2CCN(C3=Nc4c(F)cccc4C(CC(=O)O)N3c3cc(C(F)(F)F)ccc3OC)CC2)c1,False
Argatroban,CC1CNc2c(cccc2S(=O)(=O)NC(CCCNC(=N)N)C(=O)N2CCC(C)CC2C(=O)O)C1,False
Silodosin,CC(Cc1cc2c(c(C(N)=O)c1)N(CCCO)CC2)NCCOc1ccccc1OCC(F)(F)F,False
Dapagliflozin Propanediol,CCOc1ccc(Cc2cc(C3OC(CO)C(O)C(O)C3O)ccc2Cl)cc1,False
Lefamulin Acetate,C=CC1(C)CC(OC(=O)CSC2CCC(N)CC2O)C2(C)C(C)CCC3(CCC(=O)C32)C(C)C1O,False
Linagliptin,CC#CCn1c(N2CCCC(N)C2)nc2c1c(=O)n(Cc1nc(C)c3ccccc3n1)c(=O)n2C,False
Roflumilast,O=C(Nc1c(Cl)cncc1Cl)c1ccc(OC(F)F)c(OCC2CC2)c1,False
Lacosamide,COCC(NC(C)=O)C(=O)NCc1ccccc1,False
Ximelagatran,CCOC(=O)CNC(C(=O)N1CCC1C(=O)NCc1ccc(C=NNO)cc1)C1CCCCC1,False
Fidaxomicin,CCc1c(Cl)c(O)c(Cl)c(O)c1C(=O)OC1C(C)OC(OCC2=CC=CCC(O)C(C)=CC(CC)C(OC3OC(C)(C)C(OC(=O)C(C)C)C(O)C3O)C(C)=CC(C)=CCC(C(C)O)OC2=O)C(OC)C1O,False
Rivaroxaban,O=C(NCC1CN(c2ccc(N3CCOCC3=O)cc2)C(=O)O1)c1ccc(Cl)s1,False
Albiglutide,CCC(C)C(NC(=O)C(Cc1ccccc1)NC(=O)C(CCC(=O)O)NC(=O)C(CCCCN)NC(=O)C(C)NC(=O)C(C)N)C(=O)NC(C)C(=O)NC(Cc1c[nH]c2ccccc12)C(=O)NC(CC(C)C)C(=O)NC(C(=O)NC(CCCCN)C(=O)NCC(=O)NC(CCCNC(=N)N)C(N)=O)C(C)C,False
Daclatasvir Dihydrochloride,COC(=O)NC(C(=O)N1CCCC1c1ncc(-c2ccc(-c3ccc(-c4cnc(C5CCCN5C(=O)C(NC(=O)OC)C(C)C)[nH]4)cc3)cc2)[nH]1)C(C)C,True
Ivacaftor,CC(C)(C)c1cc(C(C)(C)C)c(NC(=O)c2c[nH]c3ccccc3c2=O)cc1O,True
Simeprevir Sodium,COc1ccc2c(OC3CC4C(=O)NC5(C(=O)NS(=O)(=O)C6CC6)CC5C=CCCCCN(C)C(=O)C4C3)cc(-c3nc(C(C)C)cs3)nc2c1C,True
Tucatinib,Cc1cc(Nc2ncnc3ccc(NC4=NC(C)(C)CO4)cc23)ccc1Oc1ccn2ncnc2c1,True
Alogliptin Benzoate,Cn1c(=O)cc(N2CCCC(N)C2)n(Cc2ccccc2C#N)c1=O,False
Valbenazine Tosylate,COc1cc2c(cc1OC)C1CC(OC(=O)C(N)C(C)C)C(CC(C)C)CN1CC2,True
Vemurafenib,CCCS(=O)(=O)Nc1ccc(F)c(C(=O)c2c[nH]c3ncc(-c4ccc(Cl)cc4)cc23)c1F,True
